Suite/Test/Step Name,Browser,Description,Tag,Start time,End time,Duration,Status
Recording_Modes_Suite_001,Firefox 121.0,,,23-01-2024 20:10:05,23-01-2024 20:10:59,53.675s,FAILED
,,,,,,,
Test Cases/Recording Modes/TC_Amazon_Home_001,Firefox 121.0,,,23-01-2024 20:10:05,23-01-2024 20:10:17,11.324s,FAILED
"openBrowser("""")",Firefox 121.0,,,23-01-2024 20:10:06,23-01-2024 20:10:11,4.850s,PASSED
"navigateToUrl(""https://www.amazon.com/"")",Firefox 121.0,,,23-01-2024 20:10:11,23-01-2024 20:10:13,2.154s,PASSED
"selectOptionByValue(findTestObject(""Object Repository/INTERN 1/Page_Amazon.com. Spend less. Smile more/select_All Departments        Arts  Crafts _135c92""), ""search-alias=stripbooks-intl-ship"", true)",Firefox 121.0,,,23-01-2024 20:10:13,23-01-2024 20:10:17,3.990s,FAILED
,,,,,,,
Test Cases/Recording Modes/TC_Amazon_Home_002,Firefox 121.0,,,23-01-2024 20:10:17,23-01-2024 20:10:34,16.794s,PASSED
"openBrowser("""")",Firefox 121.0,,,23-01-2024 20:10:17,23-01-2024 20:10:22,4.752s,PASSED
"navigateToUrl(""https://www.amazon.in/"")",Firefox 121.0,,,23-01-2024 20:10:22,23-01-2024 20:10:23,1.479s,PASSED
"click(findTestObject(""Object Repository/Intern 2/Page_Online Shopping site in India Shop Onl_10c5f3/span_Account  Lists""))",Firefox 121.0,,,23-01-2024 20:10:23,23-01-2024 20:10:27,3.866s,PASSED
"click(findTestObject(""Object Repository/Intern 2/Page_Amazon Sign In/a_Create your Amazon account""))",Firefox 121.0,,,23-01-2024 20:10:27,23-01-2024 20:10:29,1.657s,PASSED
"click(findTestObject(""Object Repository/Intern 2/Page_Amazon Registration/label_Your name""))",Firefox 121.0,,,23-01-2024 20:10:29,23-01-2024 20:10:30,1.151s,PASSED
"click(findTestObject(""Object Repository/Intern 2/Page_Amazon Registration/label_Mobile number""))",Firefox 121.0,,,23-01-2024 20:10:30,23-01-2024 20:10:31,0.551s,PASSED
"click(findTestObject(""Object Repository/Intern 2/Page_Amazon Registration/label_Email (optional)""))",Firefox 121.0,,,23-01-2024 20:10:31,23-01-2024 20:10:32,1.042s,PASSED
"click(findTestObject(""Object Repository/Intern 2/Page_Amazon Registration/label_Password""))",Firefox 121.0,,,23-01-2024 20:10:32,23-01-2024 20:10:32,0.578s,PASSED
closeBrowser(),Firefox 121.0,,,23-01-2024 20:10:32,23-01-2024 20:10:34,1.394s,PASSED
,,,,,,,
Test Cases/Recording Modes/TC_Amazon_Home_003,Firefox 121.0,,,23-01-2024 20:10:34,23-01-2024 20:10:44,10.120s,PASSED
"openBrowser("""")",Firefox 121.0,,,23-01-2024 20:10:34,23-01-2024 20:10:37,3.276s,PASSED
"navigateToUrl(""https://www.amazon.in/"")",Firefox 121.0,,,23-01-2024 20:10:37,23-01-2024 20:10:39,2.147s,PASSED
"click(findTestObject(""Object Repository/INTERN 3/Page_Online Shopping site in India Shop Onl_10c5f3/span_Cart""))",Firefox 121.0,,,23-01-2024 20:10:39,23-01-2024 20:10:42,3.041s,PASSED
closeBrowser(),Firefox 121.0,,,23-01-2024 20:10:42,23-01-2024 20:10:44,1.550s,PASSED
,,,,,,,
Test Cases/Recording Modes/TC_Amazon_Home_004,Firefox 121.0,,,23-01-2024 20:10:44,23-01-2024 20:10:59,15.096s,PASSED
"openBrowser("""")",Firefox 121.0,,,23-01-2024 20:10:44,23-01-2024 20:10:47,3.021s,PASSED
"navigateToUrl(""https://www.amazon.in/"")",Firefox 121.0,,,23-01-2024 20:10:47,23-01-2024 20:10:48,1.481s,PASSED
"click(findTestObject(""Object Repository/INTERN 4/Page_Online Shopping site in India Shop Onl_10c5f3/span_Sign in""))",Firefox 121.0,,,23-01-2024 20:10:48,23-01-2024 20:10:51,3.035s,PASSED
"click(findTestObject(""Object Repository/INTERN 4/Page_Amazon Sign In/label_Email or mobile phone number""))",Firefox 121.0,,,23-01-2024 20:10:51,23-01-2024 20:10:54,2.097s,PASSED
"setText(findTestObject(""Object Repository/INTERN 4/Page_Amazon Sign In/input_Email or mobile phone number_email""), ""89898989"")",Firefox 121.0,,,23-01-2024 20:10:54,23-01-2024 20:10:54,0.846s,PASSED
"click(findTestObject(""Object Repository/INTERN 4/Page_Amazon Sign In/input_Enter your email or mobile phone numb_fc7402""))",Firefox 121.0,,,23-01-2024 20:10:54,23-01-2024 20:10:56,1.991s,PASSED
"click(findTestObject(""Object Repository/INTERN 4/Page_Amazon Sign In/label_Password""))",Firefox 121.0,,,23-01-2024 20:10:56,23-01-2024 20:10:58,1.241s,PASSED
closeBrowser(),Firefox 121.0,,,23-01-2024 20:10:58,23-01-2024 20:10:59,1.224s,PASSED
