Suite/Test/Step Name,Browser,Description,Tag,Start time,End time,Duration,Status
TL_Amazon_Registration_TestSuite_001,Chrome 120.0.0.0,,,28-01-2024 18:43:58,28-01-2024 18:44:12,14.349s,PASSED
,,,,,,,
Test Cases/TestListener1/TC_TL_AmazonRegistration_001,Chrome 120.0.0.0,,,28-01-2024 18:44:09,28-01-2024 18:44:12,3.313s,PASSED
Start listener action : sampleBeforeTestCase,Chrome 120.0.0.0,,,28-01-2024 18:44:09,28-01-2024 18:44:12,2.695s,PASSED
return null,Chrome 120.0.0.0,,,28-01-2024 18:44:12,28-01-2024 18:44:12,0.008s,PASSED
Start listener action : sampleAfterTestCase,Chrome 120.0.0.0,,,28-01-2024 18:44:12,28-01-2024 18:44:12,0.386s,PASSED
