Suite/Test/Step Name,Browser,Description,Tag,Start time,End time,Duration,Status
DDT_Amazon_Categoryvalidation_testsuite,Firefox 121.0,,,24-01-2024 18:33:45,24-01-2024 18:34:43,57.985s,FAILED
,,,,,,,
Test Cases/Data_Driven_Testing/TC_Validation Amazon Category_Excel_001,Firefox 121.0,,,24-01-2024 18:33:45,24-01-2024 18:34:07,21.535s,FAILED
"openBrowser("""")",Firefox 121.0,,,24-01-2024 18:33:46,24-01-2024 18:33:50,4.177s,PASSED
"navigateToUrl(""http://www.amazon.com"")",Firefox 121.0,,,24-01-2024 18:33:50,24-01-2024 18:33:52,2.141s,PASSED
"selectOptionByLabel(findTestObject(""Amazon_Category_validation_excel_OR/Page_Online Shopping site in India Shop Online for Mobiles, Books, Watches, Shoes and More - Amazon.in/CategoryElement""), category, false)",Firefox 121.0,,,24-01-2024 18:33:52,24-01-2024 18:34:07,14.823s,FAILED
,,,,,,,
Test Cases/Data_Driven_Testing/TC_Validation Amazon Category_Excel_001,Firefox 121.0,,,24-01-2024 18:34:07,24-01-2024 18:34:26,18.470s,FAILED
"openBrowser("""")",Firefox 121.0,,,24-01-2024 18:34:07,24-01-2024 18:34:12,4.653s,PASSED
"navigateToUrl(""http://www.amazon.com"")",Firefox 121.0,,,24-01-2024 18:34:12,24-01-2024 18:34:14,1.768s,PASSED
"selectOptionByLabel(findTestObject(""Amazon_Category_validation_excel_OR/Page_Online Shopping site in India Shop Online for Mobiles, Books, Watches, Shoes and More - Amazon.in/CategoryElement""), category, false)",Firefox 121.0,,,24-01-2024 18:34:14,24-01-2024 18:34:26,11.977s,FAILED
,,,,,,,
Test Cases/Data_Driven_Testing/TC_Validation Amazon Category_Excel_001,Firefox 121.0,,,24-01-2024 18:34:26,24-01-2024 18:34:43,17.433s,FAILED
"openBrowser("""")",Firefox 121.0,,,24-01-2024 18:34:26,24-01-2024 18:34:30,3.988s,PASSED
"navigateToUrl(""http://www.amazon.com"")",Firefox 121.0,,,24-01-2024 18:34:30,24-01-2024 18:34:32,1.989s,PASSED
"selectOptionByLabel(findTestObject(""Amazon_Category_validation_excel_OR/Page_Online Shopping site in India Shop Online for Mobiles, Books, Watches, Shoes and More - Amazon.in/CategoryElement""), category, false)",Firefox 121.0,,,24-01-2024 18:34:32,24-01-2024 18:34:43,11.417s,FAILED
