Suite/Test/Step Name,Browser,Description,Tag,Start time,End time,Duration,Status
Recording_Modes_Suite_001,Firefox 121.0,,,23-01-2024 20:08:20,23-01-2024 20:09:10,49.279s,FAILED
,,,,,,,
Test Cases/Recording Modes/TC_Amazon_Home_001,Firefox 121.0,,,23-01-2024 20:08:21,23-01-2024 20:08:40,19.646s,FAILED
"openBrowser("""")",Firefox 121.0,,,23-01-2024 20:08:21,23-01-2024 20:08:25,4.336s,PASSED
"navigateToUrl(""https://www.amazon.com/"")",Firefox 121.0,,,23-01-2024 20:08:25,23-01-2024 20:08:27,1.996s,PASSED
"selectOptionByValue(findTestObject(""Object Repository/INTERN 1/Page_Amazon.com. Spend less. Smile more/select_All Departments        Arts  Crafts _135c92""), ""search-alias=stripbooks-intl-ship"", true)",Firefox 121.0,,,23-01-2024 20:08:27,23-01-2024 20:08:40,12.953s,FAILED
,,,,,,,
Test Cases/Recording Modes/TC_Amazon_Home_002,Firefox 121.0,,,23-01-2024 20:08:40,23-01-2024 20:08:41,0.335s,FAILED
"openBrowser("""")",Firefox 121.0,,,23-01-2024 20:08:40,23-01-2024 20:08:41,0.110s,FAILED
,,,,,,,
Test Cases/Recording Modes/TC_Amazon_Home_003,Firefox 121.0,,,23-01-2024 20:08:41,23-01-2024 20:08:50,9.703s,PASSED
"openBrowser("""")",Firefox 121.0,,,23-01-2024 20:08:41,23-01-2024 20:08:44,3.530s,PASSED
"navigateToUrl(""https://www.amazon.in/"")",Firefox 121.0,,,23-01-2024 20:08:44,23-01-2024 20:08:46,1.509s,PASSED
"click(findTestObject(""Object Repository/INTERN 3/Page_Online Shopping site in India Shop Onl_10c5f3/span_Cart""))",Firefox 121.0,,,23-01-2024 20:08:46,23-01-2024 20:08:49,2.825s,PASSED
closeBrowser(),Firefox 121.0,,,23-01-2024 20:08:49,23-01-2024 20:08:50,1.692s,PASSED
,,,,,,,
Test Cases/Recording Modes/TC_Amazon_Home_004,Firefox 121.0,,,23-01-2024 20:08:50,23-01-2024 20:09:10,19.317s,PASSED
"openBrowser("""")",Firefox 121.0,,,23-01-2024 20:08:51,23-01-2024 20:08:54,3.227s,PASSED
"navigateToUrl(""https://www.amazon.in/"")",Firefox 121.0,,,23-01-2024 20:08:54,23-01-2024 20:08:55,1.424s,PASSED
"click(findTestObject(""Object Repository/INTERN 4/Page_Online Shopping site in India Shop Onl_10c5f3/span_Sign in""))",Firefox 121.0,,,23-01-2024 20:08:55,23-01-2024 20:09:02,6.812s,PASSED
"click(findTestObject(""Object Repository/INTERN 4/Page_Amazon Sign In/label_Email or mobile phone number""))",Firefox 121.0,,,23-01-2024 20:09:02,23-01-2024 20:09:04,2.180s,PASSED
"setText(findTestObject(""Object Repository/INTERN 4/Page_Amazon Sign In/input_Email or mobile phone number_email""), ""89898989"")",Firefox 121.0,,,23-01-2024 20:09:04,23-01-2024 20:09:05,0.866s,PASSED
"click(findTestObject(""Object Repository/INTERN 4/Page_Amazon Sign In/input_Enter your email or mobile phone numb_fc7402""))",Firefox 121.0,,,23-01-2024 20:09:05,23-01-2024 20:09:07,2.044s,PASSED
"click(findTestObject(""Object Repository/INTERN 4/Page_Amazon Sign In/label_Password""))",Firefox 121.0,,,23-01-2024 20:09:07,23-01-2024 20:09:08,1.194s,PASSED
closeBrowser(),Firefox 121.0,,,23-01-2024 20:09:08,23-01-2024 20:09:10,1.356s,PASSED
